Top queries,Clicks,Impressions,CTR,Position
smart whip same day delivery,37,138,26.81%,3.03
smartwhip,7,668,1.05%,19.17
smartwhip same day delivery,7,22,31.82%,5.27
apexwhips,6,87,6.9%,5.57
nos delivery bristol,3,41,7.32%,9.88
smart whip,2,615,0.33%,15.57
smart whips bristol,2,28,7.14%,8.43
smartwhip birmingham,2,6,33.33%,8.5
smartwhips,1,95,1.05%,20.71
smartwhip wholesale,1,31,3.23%,39.94
smartwhip manchester,1,20,5%,15.85
apex whips,1,13,7.69%,6.38
smart whip delivery,1,13,7.69%,8.62
smartwhip london,1,10,10%,16
smartwhip near me,1,8,12.5%,24.5
smartwhip delivery,1,7,14.29%,9.29
smart whips manchester,1,4,25%,12.25
smartwhip next day delivery,1,3,33.33%,10.33
smart whips,0,166,0%,15.28
smart wip,0,82,0%,16
goldwhip,0,81,0%,17.36
smart whil,0,74,0%,8.47
smartwhip uk,0,73,0%,28.05
cream chargers near me,0,70,0%,48.69
smart whips uk,0,69,0%,28.72
buy smartwhip,0,56,0%,35.75
2kg smartwhip,0,48,0%,30.23
cream chargers in leeds,0,46,0%,20.83
smartwhips uk,0,40,0%,36.5
smartwhip silver,0,34,0%,41.59
cream chargers in manchester,0,30,0%,71.4
smartwhip crate,0,26,0%,42.58
smart whipped,0,25,0%,40.28
smart whi,0,24,0%,6.96
whip smart,0,20,0%,70.4
nangs perth,0,19,0%,72.79
what is goldwhip,0,18,0%,8.22
smart whip cylinder,0,17,0%,38.35
cream chargers newcastle,0,17,0%,56.29
smart whip uk,0,16,0%,12.38
smart whipp,0,15,0%,5.13
gold whip,0,13,0%,43.54
cream chargers london,0,13,0%,64.77
nos delivery,0,12,0%,11.5
fastgas cream charger how to use,0,12,0%,16.67
cream chargers bristol,0,12,0%,23.33
smartwhip wholesale uk,0,12,0%,38.83
smart whip near me,0,11,0%,23.45
smartwhip delivery near me,0,10,0%,12.5
fast whip,0,10,0%,36.5
smart whip canisters,0,9,0%,38
smartwhip canister,0,9,0%,50.44
smart wips,0,8,0%,17.88
smart whips near me,0,8,0%,18.62
smartehip,0,7,0%,16
fastdeluxe,0,7,0%,53.71
smart whop,0,6,0%,7
smart whip price,0,6,0%,7.17
smartwhip price,0,6,0%,31.67
smartwhip pallet,0,6,0%,38.83
cream chargers glasgow,0,6,0%,39.33
fast deluxe,0,6,0%,47.83
smartwhip fast gas,0,6,0%,58
smartwhup,0,5,0%,10.6
2kg smart whip,0,5,0%,25.6
smart whio,0,4,0%,4.25
bristol nos cream charger delivery 24/7,0,4,0%,10.75
smart whips london,0,4,0%,16.5
cream deluxe smartwhip,0,4,0%,26
quick whips,0,4,0%,29.25
buy smart whip,0,4,0%,29.5
cream chargers delivery near me,0,4,0%,33
smart whips bulk,0,4,0%,35.5
easy whip,0,4,0%,47.5
www.westminsterorders.com,0,4,0%,47.75
smart whip crate,0,4,0%,52.75
smart whip cream chargers,0,3,0%,7
cream charger near me,0,3,0%,15.67
cream chargers same day delivery,0,3,0%,17.67
snartwhip,0,3,0%,19
smart whip manchester,0,3,0%,24.33
bristol cream chargers,0,3,0%,29
what is gold whip used for,0,3,0%,29
cream canisters near me,0,3,0%,31.33
whip cream chargers near me,0,3,0%,42.67
catering cream supply,0,3,0%,45.33
what is a smart whip,0,3,0%,47
golden whip,0,3,0%,52.67
fast gas near me,0,2,0%,5
smartwhips london,0,2,0%,7
smart ehip,0,2,0%,7.5
smart whip wholesale,0,2,0%,8.5
amnesia smart whip,0,2,0%,11
smartwhip nos,0,2,0%,11.5
cream charger bristol,0,2,0%,22
nos bristol,0,2,0%,26
cream chargers christchurch,0,2,0%,28
whipped cream chargers near me,0,2,0%,35
cream chargers chch,0,2,0%,36
cream chargers bristol 24/7,0,2,0%,37.5
pallet of smart whips,0,2,0%,38
smart whip silver,0,2,0%,40
gta smartwhip,0,2,0%,40.5
gold whip nitrous oxide,0,2,0%,43.5
how to use whipped cream dispenser,0,2,0%,44.5
fast gas smartwhip,0,2,0%,45
cream chargers birmingham,0,2,0%,46
no whip,0,2,0%,58.5
bristol smart,0,2,0%,62
catering cream,0,2,0%,68.5
the cream bar,0,2,0%,69.5
smartwhip 2kg,0,1,0%,1
what is it,0,1,0%,1
yes please,0,1,0%,1
cream chargers warehouse,0,1,0%,3
crate of smartwhip,0,1,0%,5
cream charger,0,1,0%,5
apex whips reviews,0,1,0%,6
n20 cartridges near me,0,1,0%,6
n20 cream chargers near me,0,1,0%,7
smart whipe,0,1,0%,8
smartwhil,0,1,0%,8
smartwhio,0,1,0%,8
smartwhip official website,0,1,0%,8
fast deluxe cream whip,0,1,0%,9
nos near me,0,1,0%,9
smart whip 2kg,0,1,0%,9
whippet canister near me,0,1,0%,9
smart whip.,0,1,0%,11
smartwhipp,0,1,0%,11
snart whip,0,1,0%,11
smart whips liverpool,0,1,0%,12
smart whips.,0,1,0%,12
smarwhip,0,1,0%,12
24 hour cream chargers manchester,0,1,0%,13
smart whips for sale,0,1,0%,19
smartwhip bulk,0,1,0%,22
cream charger delivery near me,0,1,0%,25
cream charger next day delivery,0,1,0%,28
next day delivery cream chargers,0,1,0%,28
cream charger delivery,0,1,0%,29
whip fast,0,1,0%,29
cream chargers delivery,0,1,0%,31
cream chargers pallet,0,1,0%,31
nos cracker next day delivery,0,1,0%,31
quick whip uk,0,1,0%,31
buy no2,0,1,0%,32
buy nitrous oxide near me,0,1,0%,33
nitrous oxide order,0,1,0%,34
nitrous oxide uk buy,0,1,0%,34
whipped cream chargers same day delivery,0,1,0%,34
buy nitrous oxide uk,0,1,0%,35
how does a cream whipper work,0,1,0%,36
smartwhip liverpool,0,1,0%,36
smart whip crates,0,1,0%,37
smartwhip bulk cheap,0,1,0%,37
buy nitrous oxide online,0,1,0%,38
buy nos online,0,1,0%,38
nitrous oxide buy online,0,1,0%,38
fresh whips,0,1,0%,39
quick whip,0,1,0%,39
cream chargers wellington,0,1,0%,40
fresh whip,0,1,0%,40
smartwhip wholesale pallets,0,1,0%,40
640g,0,1,0%,41
where to buy nos,0,1,0%,41
big smartwhip,0,1,0%,42
nitrous oxide sale,0,1,0%,43
smartwhip case,0,1,0%,43
smart whip canister,0,1,0%,44
smart whip cream charger,0,1,0%,44
smartwhip box,0,1,0%,44
nutriwhip,0,1,0%,46
smartwips,0,1,0%,46
cream chargers next day delivery,0,1,0%,47
what is gold whip,0,1,0%,48
westminsterorders.com,0,1,0%,50
cream chargers liverpool,0,1,0%,52
nos canisters near me,0,1,0%,56
whip it chargers near me,0,1,0%,56
freshwhip,0,1,0%,57
superwhip,0,1,0%,57
how to use a whipped cream dispenser,0,1,0%,58
ez whip,0,1,0%,60
smartwhips near me,0,1,0%,60
how to use whip cream,0,1,0%,64
smart as a whip,0,1,0%,68
delivery cream,0,1,0%,70
dr whil,0,1,0%,71
white label n2o cylinders,0,1,0%,72
cream city perth,0,1,0%,74
pallet delivery saxmundham,0,1,0%,78
whipsmart,0,1,0%,81
inventory northolt,0,1,0%,84
smart as whip,0,1,0%,98
+discount +canister +highspeed,0,1,0%,100
smartwhip en gros,0,1,0%,100